gubun,gubun_1,question,answer
지도방법,과학적 지도방법,운동 한시간전 당섭취 이유,당은 우리 몸의 에너지원으로서 탄수화물을 섭취하지 않으면 단백질을 에너지로 사용해서 근손실을 유발시킬 수 있기 때문입니다. 또한 운동 전에 섭취하면 경기력 향상에 도움을 줄 수 있습니다.
지도방법,과학적 지도방법,운동중 수분섭취 이유,운동 중 땀을 많이 흘리면 혈액 내 수분이 줄고 체내에 공급되는 산소와 영양소도 줄어 운동 효율성이 떨어집니다.  또한 체온조절도 어렵기 때문에 운동 중에는 수분공급이 필요합니다
지도방법,과학적 지도방법,HDL란?,고밀도 지질 단백질로 혈액에 있는 콜레스트롤을 간으로 이동시켜주는 역할을 합니다. 혈중 콜레스트롤 수치를 낮춰주는 역할을 합니다. 혈관질환에 좋으며 견과류에 많이 포함되어있습니다.
지도방법,과학적 지도방법,카보로딩,선수들이 3~4일전에 탄수화물 섭취량을 늘려 글리코겐 저장량을 높이는 방법.
지도방법,과학적 지도방법,아드레날린이란?,"아드레날린은 스트레스 상황에서 분비되어 심박수, 혈압, 근육 수축력을 증가시키는 호르몬입니다. 대비반응을 강화하여 신체의 빠른 대처와 반응을 돕습니다."
지도방법,과학적 지도방법,유연성이 무엇인가,관절가동범위로 근육이 이완되는 길이 입니다 그에대한 효과는 관절의 가동범위를 늘리는 트레이닝으로 부상을 방지하고 운동수행능력 향상에 효과가 있음
지도방법,과학적 지도방법,저혈당쇼크 출혈성 쇼크 설명,저혈당쇼크는 에너지 보충이 충분하지 않을 때 고강도 운동을 지속함으로써 쇼크가 오는 것으로 의식이 있다면 빠른 당 보충 의식이 없다면  수액을 맞아야합니다. 출혈성 쇼크시에는 외상 등으로 혈액이 과다출혈되어 혈액이 순환되는 양보다 많은 양이 유실되어서 일어납니다. 이런 경우 빠른 수혈과 다리를 거상시켜 심장으로 피를 보내야합니다.
지도방법,과학적 지도방법,Hdl ldl 차이,"HDL 고밀도 지질 단백질로 좋은 콜레스트롤, 견과류에 많이 함유, LDL 낮춰줌/LDL 저밀도 지질 단백질로 나쁜 콜레스트롤, 적색 육류에 많이 함유"
지도방법,과학적 지도방법,근력운동 이후에 에너지 섭취,"근력 운동 이후 약 30분간 기회의 창이 활성화될 때 단백질 및 탄수화물을 섭취하여 근회복에 기여하고, 근육의 글리코겐 축적을 유도해 부피감을 줄 수 있게끔 하는 것이 좋습니다"
지도방법,과학적 지도방법,6대 영양소란?,탄수화물 단백질 지방 무기물 비타민 물
지도방법,과학적 지도방법,BCAA란,"분지사슬 아미노산으로 필수아미노산인 류신, 이소류신 , 발린을 말한다. 근합성,피로회복,면연력 증가에 도움이 되며 체내에서 흡수되지 않기 때문에 반드시 음식을 통해 섭취한다"
지도방법,과학적 지도방법,지방의 역할,"유산소 대사의 주 에너지원으로 체온유지, 장기보호의 역할을 합니다"
지도방법,과학적 지도방법,아나볼릭 카타볼릭,아나볼릭은 근육에 단백질을 합성해주는 작용이며 카타볼릭은 근육이 분해되는 작용을 의미합니다.
지도방법,과학적 지도방법,발살바호흡의 장단점,장점- 발살바 호흡을 최대한 들여마셔  체내에 복압을 유지하여  상체 지지력을 최대한 으로하여 스트렝스 운동시 부상 예방을 할 수있고/단점- 고혈압환자 또는 심혈관 질환을 앓고 있는 사람 혹는 노인에겐 위험할수있음 
지도방법,과학적 지도방법,호흡교환율이란?,운동중 배출한 이산화탄소의 양과 산소섭취 양의 비율을 뜻합니다
지도방법,과학적 지도방법,발살바 호흡법,호흡을 들이마시고 고정한 채로 상체의 지지력을 최대화하는 리프팅 방식. 근육이 수축할 때 호흡을 멈춤. 고중량 들 때 효과적이나 고혈압 등의 성인병 환자에게는 비추
지도방법,과학적 지도방법,탈수증상 3개,(체내 수분부족으로) 입과 목이 건조해진다. 소변량 감소한다. 전해질 농도 불균형으로 인한 피로 및 신체 약화된다
지도방법,과학적 지도방법,골지건기관과 근방추,골지건기관-한 근육의 양쪽 끝에 있는 건 속에 있는 기관. 근육 수축을 탐지하여 지나치게 강한 근육 수축에 브레이크를 거는 역할을 한다./근방추-근섬유의 수축을 감지하여 과도하게 신장하는 경우 이를 미연에 방지해 신체 한계 이상의 움직임이 발생하여 손상되지 않게끔 하는 역할을 수행하는 수용기입니다.
지도방법,과학적 지도방법,카페인의 효과와 적정섭취량,중추신경을 흥분시켜 유산소 운동시 지방을 최대로 활용할 수 있게 해주며 근지구력을 높여 세트와 반복횟수를 놓일 수있어 근성장에 도움을 줍니다. 적정 섭취량 일반성인 400mg이하입니다.
지도방법,과학적 지도방법,목표심박수 구하는법,(카이보넨 공식) (최대심박수 안정시심박수)x운동강도+안정시심박수 입니다.
지도방법,과학적 지도방법,필수아미노산이란,"체내에합성되지 않거나 매우 적어 반드시 음식으로 섭취해야하는 아미노산, 류신,이소류신,발린,라이신,트레오닌,메티오닌,테닐알라닌,트립토판,히스티딘"
지도방법,과학적 지도방법,심장자극전도계 ,"심장에 있는 특수 심장 근육으로 이루어진 전도 계통. 굴심방 결절, 방실 결절, 방실 속 전도 섬유로 이루어져 있다."
지도방법,과학적 지도방법,로책상태,고강도 운동 시 근육 최대근력구간에서 호흡을 멈춘 긴장 상태
지도방법,과학적 지도방법,생체전기저항 분석법 (임피던스법),기계로 체지방량을 직접 측정하는 방법 중 하나로 신체에 미세한 전류를 흘려보내 신체의 구성을 측정 / 체지방이 많을수록 전기저항이 크다는 원리에 기초한 신체구성 측정방법이다.
지도방법,과학적 지도방법,위성세포란,근육의 성장과 발달을 도와주는 세포로 근초와 박막 위에 위치하는 독립적인세포
지도방법,과학적 지도방법,EPOC란?(과다산소섭취량?),운동 후 발생하는 산소 섭취량으로 운동 기간과 강도에 비례해 나타남/휴식할 때 보다 운동 후 산소를 더 많이 소비함 (산소 부채)
지도방법,과학적 지도방법,MET란?,MET는 대사당량을 의미하며 ACSM 가이드라인에 따르면 건강한 성인기준 3.0~5.9.를 중강도라고합니다
지도방법,과학적 지도방법,골격근의 주요기능 3가지,수의근으로 뼈에 붙어 움직임/이완과 수축으로 동작을 함/뼈를 보호하고 체온유지
지도방법,과학적 지도방법,운동할 때 쓰이는 탄수화물,운동시에는 탄수화물의 분해물질인 글리코겐이 사용되며 근육내 글리코겐이 사용됨
지도방법,과학적 지도방법,"흡기, 호기 근육 3가지씩 ",흡기- 횡격막 외늑간근 사각근 흉쇄유돌근/호기- 외복사근 내복사근 복횡근 복직근 내늑간근
지도방법,과학적 지도방법,신경전달물질 호르몬 ,"신경전달물질- 도파민, 세로토닌, 아세틸콜린, GABA, 글루타메이트 등/호르몬- 인슐린, 에스트로겐, 테스토스테론, 갑상선 호르몬 등"
지도방법,과학적 지도방법,오버트레이닝이란,"과도한 운동으로 인해 휴식과 영양이 결핍되어 일어날 수 있는 근육의 만성적 통증, 피로감, 무기력 등을 느끼는 것을 말합니다."
지도방법,과학적 지도방법,췌장에 분비된 글루카곤에 대해,췌장에서 분비되는 혈당을 높이는 호르몬. 인슐린과 반대되는 호르몬.
지도방법,과학적 지도방법,비타민이란?,비타민이란 우리몸의 필수영양소 중 하나로 에너지대사과정에서 보조역할을 하며 영양분 흡수를 돕고 항산화작용을 하며 지용성과 수용성 비타민이 있습니다.
지도방법,과학적 지도방법,아미노산 종류 9가지,류신 이소류신 발린 메카오닌 트레오닌 트립토판 히스티딘 페닐알라닌 리신
지도방법,과학적 지도방법,DOMS(지연성 근육통)란?,"운동 직후가 아닌 2~3일 후에 나타나는 통증, 근섬유의 미세한 파열로 통증이 발생하는데 회복하기 까지 보통 5~7일정도 걸림"
지도방법,규정포즈,남자보디빌딩규정포즈7가지,프론트 더블바이셉스 / 프론트 랫 스프레드 / 사이드 체스트 / 백 더블 바이셉스 / 백 랫 스프레드 / 사이드 트라이셉스 / 업도미널 앤 타이
지도방법,규정포즈,여자피지크 규정포즈 와 쿼터턴4가지,프론트더블바이셉스 사이드체스트 사아드트라이셉스 백더블바이셉스 / 프론트포지션 쿼터턴라이트 쿼터턴백 쿼터턴라이트 
지도방법,규정포즈,비키니 심사포즈,"비키니 대회에서는 크게 쿼터 턴과 I 워킹을 심사합니다. I 워킹의 경우, 선수가 무대 가장자리에서 중심으로 걸어올 때부터 그 평가가 시작되며, 무대 중앙에서 4가지 포즈를 음악에 맞추어 취해야 합니다.(프론트 포지션, 쿼터턴 라이트, 쿼터턴 백, 쿼터턴 라이트)"
지도방법,웨이트트레이닝,남자 프론트 더블 바이셉스 지도방법,정면에서 두 팔을 들어 어깨와 수평을 이루게 한 후 팔꿈치를 구부립니다. 한발은 40~50cm 바깥쪽 앞으로 둡니다. 심판은 이두근과 전완근을 중요하게 평가합니다. 주먹을 꽉쥐어 이두근과 전완근의 수축을 가져갑니다. 심판은 전체 골격을 심사하므로 전면에서 보이는 많은 근육을 수축하기 위해 노력해야합니다.
지도방법,웨이트트레이닝,카프레이즈 지도방법,앉은 상태로 발뒤꿈치를 최대한 들어 올리고 내릴 때 발뒤꿈치가 지면에 닿기 전에 다시 올린다.
지도방법,웨이트트레이닝,백더블바이셉스의 지도방법,"선수는 뒷모습이 심판에게 보이게 서서 두 팔과 팔목부분을 프더바 동작과 똑같이 한다. 한쪽 다리를 발 앞으로 착지하고, 발꿈치를 쳐든다. 팔과 어깨, 등 근육을 수축하고 허벅다리, 종아리도 힘껏 수축한다."
지도방법,웨이트트레이닝,라잉트라이셉스 익스텐션 지도방법,벤치에 등을 대고 누워 가슴은 들고 척추는 정상 만곡을 유지한 후 양손의 간격을 어깨너비보다 좁게 하여 바벨을 머리 쪽으로 내립니다. 바벨을 잡은 팔이 지면과 수직이 되도록 잡고  바를 내릴 때 숨을 들이마시고 올릴 때 내뱉습니다.
지도방법,웨이트트레이닝,사이드체스트 지도방법,"우측 또는 좌측 중 자신 있는 가슴 근육 쪽을 선택하여 연기한다. 한쪽 다리를 굽혀 다른 쪽 발 앞으로 착지시킨 후 가슴을 제치고 심판에게 보여지는 쪽 팔을 굽혀 상완이두근과 다리근육을 수축시켜 가슴근육, 상완이두근, 종아리 근육이 부각 될 수 있도록 한다."
지도방법,웨이트트레이닝,레그레이즈 지도방법,숨을 내쉬며 양발이 바닥과 90도를 이룰 때까지 올린 후 양 어깨와 등 상부를 바닥에 밀착시킨 상태로 발끝이 바닥에 닿지 않을 정도까지 천천히 내린 후 동작을 반복한다.
지도방법,웨이트트레이닝,여자 피지크종목 사이드 트라이셉스 지도방법,"선수는 왼팔 또는 오른팔 중 한쪽을 선택한다. 심판을 향해 왼쪽 또는 오른쪽 측면이 심판을 향하게 서서 심판을 바라보고 가슴은 바깥으로 복부는 안으로 집어넣은 상태로 두 팔을 등 뒤에 위치시키고 왼쪽 또는 오른쪽에 있는 손목을 오른쪽 또는 왼쪽 손으로 움켜잡는다. 왼쪽 또는 오른쪽의 팔꿈치, 손 및 손가락을 편 상태로 손바닥이 아래 지면과 평행이 되게 한다. 왼쪽 또는 오른쪽 무릎은 구부리지 않은 채로 다리를 곧게 펴서 발을 바닥에 내려놓으며 오른쪽 또는 왼쪽 무릎은 살짝 구부린다"
지도방법,웨이트트레이닝,프론트스쿼트 지도방법,바벨은 쇄골과 어깨로 지탱한 후 가슴과 팔꿈치를 들고 허리는 꼿꼿이 세우고 무릎이 발끝을 넘지 않게 시선은 정면을 주시하고 실시하도록 지도합니다.
지도방법,웨이트트레이닝,바벨컬 지도방법,바를 잡는 어깨너비 정도로 잡고 팔꿈치가 어깨 뒤로 빠지지 않게 고정한 후 바를 들어 올릴 때 호흡을 내쉽니다.
지도방법,웨이트트레이닝,남자사이드트라이셉스지도방법," 삼두근 수축 / 가슴의 모양을 보여주고 있는가 / 심판과 가까운 쪽 다리의 무릎을 구부린상태로 발을 지면 위에 두고, 다른 다리는 뒤로 뺀 채 무릎을 구부려 발가락으로 지탱하며 대퇴부와 비복근을 표현하고 있는가 / 전면·측면·후면 삼각근을 동시에 표현하고 있는가"
지도방법,웨이트트레이닝,레터럴레그레이즈 지도방법,덤벨을 오버그립으로 잡고 팔꿈치를 살짝 구부려준 뒤 허벅지 옆에 위치시킵니다.측면 삼각근의 힘을 이용해 덤벨을 어깨와 수평이 되도록 들어 올립니다.
지도방법,웨이트트레이닝,바벨로우 지도방법,허리는 곧게 펴고 엉덩이를 심하게 뒤로 빼지 않은 채로 무릎은 바를 내리면서 약간 구부립니다. 바를 올리는 동작 시 배 방향으로 올리고 등은 곧게 폅니다.
지도방법,웨이트트레이닝,앱도미널 앤타이 지도방법,복부와 허벅지 근육이 중요하게 심사되는 포즈 입니다. 선수는 두팔을 머리 뒤에 놓고 한쪽 발을 앞에 둡니다. 복부를 수축하며 근육을 수축하는 동시에 하체 전면 근육을 수축합니다.
지도방법,웨이트트레이닝,남자 프론트 렛 스프레드 지도방법,다리는 15CM 로 벌리고 대퇴사두 수축하고 손은 허리춤에 위치 시킨 뒤 광배를 힘껏 펼치고 전면근육 수축에 신경쓴다. 
지도방법,웨이트트레이닝,백 익스텐션 지도방법,매트에 배를 대고 누워 손등을 허리나 머리위로 쭉핀뒤 다리는 그대로펴 상체와 하체를 하늘로 살짝 들어올리며 척추기립근을 수축하며 호흡을 뱉고 다시내려가며 호흡을 들이마신다
지도방법,웨이트트레이닝,상완이두 단련 운동 3가지,바벨 컬 덤벨 컬 해머 컬
지도방법,웨이트트레이닝,여자 백더블트라이셉스 지도방법,뒤돌아서 한쪽다리를 심판방향으로 뻣어주고 발끝으로 지탱합니다.체스트업 하여 두팔을 어깨높이까지 올려주고 구부려서 상완이두근에 힘을 줍니다.등에 힘을주기 위해 허리를 꺽어줄수도 있습니다. 손가락은 하늘로 향하게 우아하게 펴줍니다 머리끝부터 발끝까지 근육을 수축해줍니다.
지도방법,웨이트트레이닝,복직근운동 4가지,"플랭크, 싯업, 브이업, 시티드니업, 레그레이즈"
지도방법,웨이트트레이닝,하체근육 3개 ,"대퇴직근, 외측광근, 내측광근, 중간광근, 대퇴이두, 대퇴사두, 반건양근, 슬굴곡근, 가자미근, 비복근"
지도방법,웨이트트레이닝,FITT에 대해 설명,"FITT는 Frequency(운동 빈도), lntensity(강도), Time(시간), Type (종류)를 앞글자를 따온 운동법입니다."
지도방법,웨이트트레이닝,파워(power)란? ,단위시간동안에 측정된 에너지의 양 (또는 낼 수 있는 에너지의 양)
지도방법,웨이트트레이닝,파워존이란?,"파워존은 요추, 골반, 고관절에 붙어있는 복합적인 근육을 의미하며 스쿼트, 데드리프트로 파워존을 강화할 수 있다. "
지도방법,웨이트트레이닝,광배근 발달시키는 운동 4가지,풀업 랫풀다운 바벨로우 원암덤벨로우
지도방법,웨이트트레이닝,SET와 REP,Set - Rep이 묶인것/Rep - Set 안의 반복횟수
지도방법,웨이트트레이닝,척추기립근 3가지운동,백익스텐션 데드리프트  굿모닝 엑서사이즈
지도방법,웨이트트레이닝,체력을 구성하는 요소 4가지,"심폐지구력, 근력, 근지구력, 유연성"
지도방법,웨이트트레이닝,신체에서 가장 큰 근육 3가지와 운동,대흉근 대퇴근 대둔근/벤치프레스 스쿼트 덩키킥
지도방법,웨이트트레이닝,데피니션과 세퍼레이션,"근육의 선명도, 근육의 분리도"
지도방법,응급처치,AED 사용법,"전원켜기, 패드 가슴에부착(오른쪽 쇄골아래, 왼쪽유두아래 겨드랑이선), 심전도 리듬분석, 심장충격을 주고 이후 가슴압박을 계속합니다."
지도방법,응급처치,심폐소생술 가슴이완 확인이유,가슴을 이완시켜 흉부 압박시 보다 많은 혈액을 순환시키기 위함입니다
지도방법,응급처치,응급처치유형,"응급처치유형으로는 상태에 따라 하임리히법, 심폐소생술, RICES 등이 있습니다"
지도방법,응급처치,제세동기 필요없다고 할시 최초수용자가 해야할것,필요 없다는 안내 이후에 환자상태를 확인하고 심폐소생술을 계속 하라는 음성안내가 나오는데 지시에 따라 구조대가 오기 전까지 심폐소생술을 지속한다.
지도방법,응급처치,심폐소생술,"상태를 확인 후 119 신고 후 AED 부탁을 합니다. 기도 확보 및 흉부압박 30회 실시(5~6센치 압박되도록 분당 100~120회), 인공호흡 2회 실시, AED 실시 후 반복한다."
지도방법,응급처치,심폐소생술 시 전기충격 시 주의사항,"물이 묻진 않았는지, 주변에 사람이 있는지 체크해야합니다"
지도방법,응급처치,출혈시 응급처치방법,"내출혈시 환자를 눕힌 후,다리를 올려 보온을 하고, 상태를 체크합니다.외출혈시 상처부위 소독 후 압박을 진행하고, 상처를 심장보다 높게 하여 혈류량 감소로 쇼크를 예방합니다. 또한 붕대를 감아 지혈하고 감염을 예방합니다."
지도방법,응급처치,자동제세동기를 켜기전에 실시하여야할것,"환자에게 의식이 있는지 확인하고, 119에 신고한 뒤 주변 사람들과 접촉하지 않도록 합니다."
지도방법,응급처치,자동제세동기 전기 패드 부착후 사용시 주의사항은?,전기충격시 주변사람들에게 멀리떨어지라고 해야합니다 주변에 금속물질 있는지 확인해야하며 물과 땀이있으면 평평한곳으로 옮겨 물과 땀을 닦아주고 해야합니다
지도방법,응급처치,응급처치란,갑작스러운 질환의 발생이나 외상이 발생했을 때 긴급히 대응을 요하는 경우에 시행할 수 있는 처치
지도방법,응급처치,심폐소생술 하는법,"의식을 우선 확인한 후, 없는 경우 1명을 지목하여 119에 신고를 요청합니다. 환자의 명치 하부에 양 손을 대고 팔꿈치를 수직을 유지하여 수직 저항의 형태로 분당 100회의 속도로 하여 30회 세어가며 흉부 압박합니다. 이때 기도는 확보되어 있어야 합니다. 깊이는 5 6cm 정도로 압박합니다. 이를 제세동기가 올 때까지 지속합니다."
지도방법,응급처치,골절시(근골격계) 응급처치요령,근골격계 - rices / 골절시 - prices
지도방법,응급처치,3C란?,"3c란 check, call, care로 환자상태를 체크하고 구조대 신고하며 이후 환자를 지속적으로 케어하는것입니다"
지도방법,응급처치,드레싱을 하는 이유,"드레싱은 상처 보호와 감염 예방을 위해 사용됩니다. 흡수와 배출을 도와 상처를 깨끗하게 유지하며, 압력을 가해 출혈을 저지하고 상처를 안정시킵니다. 응급 상황에서 의료 전문가에 의해 적절히 사용되어야 합니다."
지도방법,응급처치,기도폐쇄란? 응급처치법은?,이물질이 막혀 기도가 막힌 것으로 부분 기도 폐쇄시 기침유발 빠지지 않을시 구조대 올 때까지 하임리히법 진행하면 됩니다. 완전 기도 폐쇄시 의식이 없을 경우 심폐소생술 진행하고 의식이 있을 경우 하임리히법 구조대 올 때 까지 진행합니다
지도방법,응급처치,심폐소생술 시 가슴 압박 하는 이유,뇌 혈류와 관상동맥 혈류의 유지 ? 조직으로의 신속한 산소 공급
지도방법,응급처치,쇼크종류,"저혈량성 쇼크 - 혈량 부족/심인성 쇼크 - 심장 수축력의 장애(심근경색, 심장수축부전 등)/아나필락틱 - 과민성 알레르기 반응/신경성 쇼크 - 청추손상, 저혈당, 스트레스/패혈성 쇼크 - 혈관 내 미생물 침입"
지도방법,응급처치,"심폐소생술 자세(깊이,속도)",5~6cm의 깊이로 1분에 100~120회 속도로 30회실시
규정,생활체육 개요,웰니스 설명,"웰니스란 해피니스, 피트니스, 웰빙(신체적 정신적 건강의 조화를 통해 행복한 삶을 추구하는 유형)이 합쳐진 말로 행복하고 건강하게 운동하자라는 의미를 담고 있습니다."
규정,생활체육 개요,학습권 침해,"선수가 무리한 훈련이나 합숙으로 인해 교육을 통한 인격적, 지적, 기능적 향상을 누릴 권리와 배움의 즐거움을 누릴 수 있는 권리가 침해되는 것을 말합니다. 수업결석, 학교행사배제, 질낮은 보충수업, 학업소홀, 보행훈수"
규정,생활체육 개요,생활 체육 지도의 목표,"건전한 여가 생활 선용, 건강 증진, 탐구 능력 향상, 시민 정신 향상, 협동 능력(정신) 향상"
규정,생활체육 개요,생활체육 프로그램이란?,나이 성별 구분없이 모든 사람과 집단들을 대상으로 생활체육의 전반적인 목표와 활동을 제공하는갓
규정,생활체육 개요,Sports for all?,"모든 사람을 위한 스포츠라는 개념으로 성별, 연령, 출신, 계층, 지위에 관계없이 전 생애에 걸쳐 누구나 자유 의지로 스포츠에 참가할 기회와 권리를 보장하는 체육개념"
규정,생활체육 개요,생활체육 프로그램 구성요소? 5가지,"구체적인 종목, 참가자, 지도자, 시설, 홍보계획, 재정"
규정,생활체육 개요,에어로빅 운동,"몸안에 산소를 충분히 하여 심폐기능을 촉진시키고 나아가 근력, 근지구력등 신체기능을 향상시키는 즐거움이 포함된 유산소운동"
규정,생활체육 개요,생체 5가지원리,"목적성, 개별성, 자발성, 창조성, 평가성입니다. "
규정,생활체육 개요,연령대별 생활체육 프로그램 목적과 차이 ,유아기 - 인지기능 발달 놀이중심의 체육활동/아동기 - 사회성 발달 다양한 체육활동 경험 제공/청소년기 - 2차 성징 발현기 평생체육의 기틀을 마련/성인기 - 신체 정신적 성숙기 유산소와 저항운동의 적절한 조화/노년기 - 신체 정신적 노화발현 활동형 레크레이션 권장
규정,생활체육 개요,fitness 개념,"인간의 일상생활을 더욱 윤택하게 영위하게 하는 근원으로, 균형잡힌 건강한 신체를 만들기 위한 운동입니다."
규정,생활체육 개요,생활체육지도 목적,"건전한 여가생활, 건강과 체력의 증진, 탐구정신, 시민정신, 협동정신의 배양"
규정,생활체육 개요,생활체육의 사회적 생리적 신체적 기능,사회적 기능- 더불어 보디빌딩을 수행하며 사회성을 발달시킨다./생리적 기능- 육체의 대사기능 등 생리활동을 활성화시키는데 기여한다./심리적 기능- 정신적 안정과 심리적인 편안함을 불러오는 데 도움을 준다.
규정,생활체육 개요,프로그램 기획단계,"협회의철학이해, 요구조사, 프로그램 목표설정, 프로그램계획, 실행 평가 보안"
규정,생활체육 개요,트레이닝 요소 5가지,"목적, 강도, 시간, 빈도, 형태 "
규정,생활체육 개요,트레이닝 원리,"점진적, 과부하, 반복성, 개별성, 특이성"
규정,생활체육 개요,생활체육의 목표,체육 내용의 다양화/체육활동의 생활화/체육 방법의 합리화/체육 환경의 복지화
규정,생활체육 개요,생활체육의 본질,활동 그 자체의 즐거움과 기쁨을 말합니다.
규정,생활체육 개요,생활체육의 지도 원리에 대해 설명하시오,평가원리/창조원리/계통성원리/사회화원리/반복연습원리/목적성의원리/개성화의원리(평창계사자 반목개)
규정,생활체육 개요,체력검사의 필요성,"성별,나이대별로 체력기준을 알아야지 건강상태 등을 확인할수있다"
규정,생활체육 개요,생활체육지도사의 필요성,국민의체력건강증진을 목적으로 많은 체육지도자가 필요하다
규정,스포츠 인권,성폭력이란 무엇인가,"상대 의사에 반해 이뤄지는 모든 가해행위로 성추행, 성희롱, 성폭행을 포함하는 포괄적 개념입니다.  스포츠영역에서는 지도자 및 선수가 힘과 권력을 이용하여 성적인 피해를 가하는 것을 말합니다"
규정,스포츠 인권,스포츠 성폭력,스포츠인이 자신의 지휘와 권력을 이용하여 피해자의 언어적?정신적?신체적 성적 자기 결정권을 침해하는 행위
규정,스포츠 인권,스포츠 폭력 유형,"스포츠인의 영역에서의 폭력으로 자신의일을 타인에게 전가하는것, 훈련방법이나 시간등을 임의로 변경하는것, 공동생활규칙을 어기는것, 체벌이나 기합을 주는것 등이있다"
규정,스포츠 인권,스포츠 성폭력 예방 ,"성폭력 예방 정책을 수립하고, 대상별 행동규범을 마련하며 에방교육을 실시합니다. 지도자 자격을 검증하고 여성지도자를 양성하고 지원하며 신고절차와 대응체계를 마련합니다."
규정,스포츠 인권,성폭력 대처 방안 4가지 이상,"피해자와 가해자를 즉시분리, 사건알림, 치료 및 증거확보 사건조사 / 거시적 대책 1. 대응 매뉴얼 및 제도 마련 2. 지도자 검증 3. 주기적인 재교육 4. 여성 지도자 육성"
규정,스포츠 인권,성폭력의 종류,성희롱 성추행 강제추행 성폭행 
규정,스포츠 인권,성그루밍이란,가해자가 피해자와 친분을 쌓아 심리적 지배한후 성적인 가해행위를 하는 것을 말합니다
규정,스포츠 인권,스포츠폭력 예방방법에 대해 4가지,과도한 훈련 금지. 시간준수. 훈련시간 및 방법 임의변경하지 않기. 기합 및 체벌금지
규정,스포츠 인권,대학교에서 성폭력 신고절차,가해자와 피해자 분리. 사건발생 알림. 치료 및 증거확보. 사건조사. 치료 및 회복
규정,웨이트트레이닝,다중관절운동 단순관절 운동 각각 설명하고 예시,단순관절은 하나의 관절 움직임을 말하는 것으로 레그익스텐션이 있고 다중관절은 두개 이상의 관절을 사용하는 움직임을 말하며 스쿼트가 있습니다
규정,종목소개,여자 피지크 종목의 평가방식,"예선라운드-4개 규정포즈/예선 1라운드-쿼터턴, 쿼터턴 및 4개규정포즈 비교심사/결선 2라운드-쿼터턴, 규정포즈, 비교심사 및 포즈다운/결선 3라운드-개인별 포징 루틴 60초"
규정,종목소개,남자 피지크 경기진행순서,예선라운드 - 쿼터턴/예선 1라운드 - 쿼터턴 및 비교심사/결선 2라운드 - 쿼터턴 2회 (번호 순서대로 하고 역순으로 실시)
규정,종목소개,보디빌딩 결선과정 설면,결선 2라운드 - 7가지의 규정포즈 2회 및 포즈 다운 실시/결선 3라운드 - 개인별 자유포즈 60초입니다.
규정,종목소개,남자 피지크 예선 진행순서,예선라운드 - 쿼터 턴/예선 1라운드 - 쿼터 턴 및 쿼터턴 비교심사
규정,종목소개,남자 피지크 반바지규정 ,"불투명한 루즈 핏 보드 반바지, 다리 위쪽을 다 덮어야하며, 무릎의 위쪽 지점까지 내려와야 합니다."
규정,종목소개,클래식 보디빌딩 결선 경기 진행,"결선 제 2라운드 쿼터턴, 7개의 규정포즈 및 포즈다운/결선 제 3라운드 개인별 자유포즈 60초"
규정,종목소개,보디빌딩 지도자가 받아야 하는 교육,"인성교육, 도핑방지 예방교육, 성폭력 교육, 리더쉽교육"
규정,종목소개,남성 클래식피지크 예선 진행 순서 ,선수는 2열로 선 뒤 무대 가장자리에 일렬로 섭니다. 이때 무대 양 끝단의 선수의 수는 동일하게 서야 합니다. 이후 1명씩 무대 중앙으로 나와 4개의 규정포즈를 시행합니다. 예선 라운드에서 최종적으로 15명이 예선 1라운드에 진출합니다.
규정,종목소개,여자 피지크 복장규정,"대둔근의 1/2 이상을 가리는 비키니여야하며 끈 비키니는 안됨, 신발 착용 금지, 과도한 오일 및 지워질 수 있는 탄 사용 금지"
규정,종목소개,비키니 복장 규정,불투명한 일반비키니이며 끈비키니는 금지됩니다.대둔근의 1/3을 가리며 전면부를 가립니다.힐은 압굽 1cm 뒷굽 12cm이며 과도한 오일은 사용불가입니다. 결혼반지 팔찌 목걸이를 제외한 악세사리는 착용불가능합니다
규정,종목소개,클래식 보디빌딩 예선,"클보 규정포즈 4개, 규정포즈 4개, 규정포즈7개, 쿼터턴 비교심사"
규정,종목소개,2020년 올림픽 아젠다 5가지,평등과 비차별/생계 및 양질의 일자리/발언의 자유/안전과 복지 /사생활보호(평생발안사) 
규정,종목소개,여자피지크 심사기준?,"전체적인 체격 및 근육의 대칭과 비율 , 무대위 자신감과 유아함을 평가하며 여자보디빌딩보다 근육이 많아선 안되고 체지방이 적어서듀 안되며 셀룰라이트가 있으면 감점요인이 됩니다   "
규정,종목소개,보디빌딩 남자 규정이뭔지 (복장포함),전면을 다 가리고 대둔근의 3/4을 가리는 단색의 트렁크로 옆면은 1cm 이상. 악세사리는 결혼반지를 제외한 나머지는 착용 불가. 대퇴부를 더 보이게 하기위해 트렁크를 위로 올리는 행위 금지
규정,종목소개,보디빌딩 수상자가 경기가 끝난후 결격사유에 대해 말해보시오,자기 성적에 불만을 표현하거나 시상식에서 먼저 자리를 뜨거나 사진찍기를 거뷰한 자
규정,종목소개,보디빌딩 예선전 경기방식,"대회 시작 45분 전까지 모인 선수들은 무대에 일렬 혹은 2열로 정렬하여 입장합니다. 예선전은 한 체급 당 15명 이상이 있을 때 실시할 수 있습니다. 선수는 한 명씩 4개의 규정 포즈를 취합니다. 이때 상위 15명이 예선 1라운드로 진출합니다. 예선 1라운드에서는 각 선수의 번호와 국적이 소개되고, 4개 및 7개 규정 포즈에 대한 비교 심사가 이루어집니다. 여기에서 상위 6명이 결선으로 진출합니다."
규정,종목소개,남자 피지크 평가방법,"남자피지크 하체를 평가하지 않아 역삼각형 상체, 피부와 피부톤 조화, 다이어트상태(과도하게 마르면 안됨) , 리듬감 카리스마 개성 필요, 전반적인 육체미"
규정,종목소개,보디빌딩협회연령별 등록구분,16세이하 육성목적 13세이하부 16세이하부/전문체육 19세이하부 대학부 일반부/생활체육 19세이하부 대학부 일반부
규정,종목소개,시합무대의 컬러링,지워질 수 있는 탄 및 컬러링 금지 메탈릭펄 황금빛 색 사용 금지 과도한 오일 금지 24시간전 인공착색 및셀프태닝 제품 가능
규정,종목소개,여자 피지크 체급,"Class A- 163 cm 이하,Class B- 163 cm 초과"
규정,협회최신규정,경기인 등록 날짜,"1차 등록 - 4월10일, 2차 등록 - 7월 10일~30일까지, 다만 신규선수, 심판은 수시등록이 가능합니다"
규정,협회최신규정,선수 결격사유 2개이상,"심판으로 등록한 자, 스포츠 공정위원회에서 제명징계를 받은 자"
규정,협회최신규정,지도자인권침해,"경기실적을 빌미로 인한 협박, 학부모로부터 갑질 횡포를 당하는 것/경기출전 및 훈련에 대한 부당한 압력/폭력 잠재적 가해자로 대하는 행위/무고 또는 허위사실에 대한 신고"
규정,협회최신규정,대학생 경기인 등록,"규정에 따라 대학생 신분으로 전문체육, 생활체육 목적부로 등록한 사람을 지칭합니다."
규정,협회최신규정,도핑방지규정에서 자격정지 몇년으로 어떻게 구분하는지,2~4년 자격정지 경기중 투여시 영구정지
규정,협회최신규정,선수등록 제한 3가지 이상,자격정지중인 상태. 협회제명. 당해년도 동일종목 심판등록. 승부조작에 가담한자. 미성년자 성폭행 법죄이력이 있는 자
규정,협회최신규정,대한보디빌딩협회에 등록된 경기인의 활동자격,"전문체육목적의 부로 등록한 사람은 전문체육대회에만 참가할 수 있으며, 생활체육목적부로 등록한 사람은 생활체육대회에만 참가할 수 있습니다. "
규정,협회최신규정,선수 소속단체와 등록지 변경방법,등록변경 신청 후 이적동의서 시도지부 제출 승인 후 변경가능하며 1년에 한번 가능하나 당해 년도 1회 이상 출전 시 이적불가
규정,협회최신규정,생활체육지도자의 자질에대해 설명,"도덕적 품성을 지녀야하며 공정성을 준수하고 의사전달력을 겸비하고 활달하고 강인한 성격, 나아가 투철한 사명감을 지녀야합니다"
규정,협회최신규정,보디빌딩협회 심판 등록 절차와 방법,스포츠 지원포털을 이용하여 등록신청을 한뒤 협회에 신청서 제출하여 승인받는다
규정,협회최신규정,스포츠대회 금지약물 투약기간,"시합 6개월 전 복용 중지, 시합 30일전 TUE승인 받아야함"
규정,협회최신규정,국내 보디빌딩 심판 자격과 활동 범위,국내심판 1급은 전국대회와 지역대회/국내심판 2급은 지역대회에 출전가능하다
규정,협회최신규정,도핑방지 선수의무 6가지중 2가지,"(1) 한국도핑방지규정을 숙지하고 준수하여야 한다.(2) 언제나 시료채취가 가능하도록 하여야 한다.(3) 도핑방지와 관련하여 자신의 체내에 유입되는 모든 성분에 대하여 책임을 진다.(4) 지도자 또는 의료진에게 선수 자신에게 금지약물과 금지방법을 사용하지 않아야 함을 알리고, 그들의 지원이나 의료처치가 이 규정을 위반하지 않는지 확인할 책임을 진다.(5) 과거 10년 이내에 세계도핑방지규약의 비가맹기구로부터 도핑방지규정위반 결정을 통지받은경우, 이를 도핑방지위원회와 국제경기연맹에 알려야 한다.(6) 도핑방지규정위반과 관련한 도핑방지기구의 조사에 적극적으로 협력하여아 한다."
규정,협회최신규정,Tue면책조건,금지약물을 사용 안하면 생명에 큰 지장이 생기는 경우. 금지약물이 경기력 향상에 도움이 안되는 경우. 금지약물 외에 다른 치료법이 없는 경우
규정,협회최신규정,경기인등록규정 일반부,20세이상 선수중 대학생이아닌사람
규정,협회최신규정,학부모가 지도자에게 주의할점,"사적만남금지, 자기 자식만 잘 봐달라는 편애 금지, 지도자의최소인권보장(지도자의 인권침해), 과도한 훈련  체벌기합요청금지"
규정,협회최신규정,경기인등록 취소의 경우 설명,"피성년후견인 ,법률의거 자격정지또는상실/ 미성년성범죄 ,선수폭행 10년이내 ,체육관련단체 자격정지 이상 징계처분 받고 그처분이끝나지않은자"
규정,협회최신규정,TUE에 대해서,선수가 질병치료나 부상회복을 위해 금지약물을 사용해야하는 경우/치료목적사용면책 국제표준에 따라 심사 후 사전 승인하는 제도
규정,협회최신규정,도핑방지규정,시료에 금지약물존재/소재지정보 제출 불이행/도핑관리기간중 부정행위 또는 시도
규정,협회최신규정,경기 등록자의 취소 사유,협회는 경기인이 스포츠공정위원회 규정 제 27조에 따라 해임 또는 자격정지의 징계를 받은 경우 경기인 등록을 즉시 해지하여야한다
규정,협회최신규정,금지약물 3가지와 부작용,"아나볼릭스테로이드,코카인,에페드린/부작용으로 심장질환, 탈모, 간기능 , 성기능장애"
규정,협회최신규정,"스포츠 도핑에 관해 진행,담당자의 역할 2가지 ","금지약물 복용 적발, 검사 절차 안내, 대상자 안내 등  "
규정,협회최신규정,도핑의 원리,"금지된 물질이나 방법을 사용하여 스포츠 선수의 성능을 인공적으로 향상시키는 것으로, 공정성과 안전성을 침해하고 엄격히 금지됩니다."
규정,협회최신규정,도핑검사에 대한 선수의 의무를 설명하시오,"도핑 검사에 대한 선수의 의무는 소재지 정보 제공, 도핑 규정 준수, 도핑 검사에 책임을 지기"
